<?xml version="1.0" encoding="UTF-8"?>
<project-private xmlns="http://www.netbeans.org/ns/project-private/1">
    <editor-bookmarks xmlns="http://www.netbeans.org/ns/editor-bookmarks/2" lastBookmarkId="0"/>
    <open-files xmlns="http://www.netbeans.org/ns/projectui-open-files/2">
        <group>
            <file>file:/C:/Users/marco/OneDrive/Escritorio/Programas%203ro/Unidad%20%233/ProyectoFinal/src/proyectofinal/VentanaAgenda.java</file>
            <file>file:/C:/Users/marco/OneDrive/Escritorio/Programas%203ro/Unidad%20%233/ProyectoFinal/src/proyectofinal/VentanaModificar.java</file>
            <file>file:/C:/Users/marco/OneDrive/Escritorio/Programas%203ro/Unidad%20%233/ProyectoFinal/src/proyectofinal/VentanaRealizar.java</file>
            <file>file:/C:/Users/marco/OneDrive/Escritorio/Programas%203ro/Unidad%20%233/ProyectoFinal/src/proyectofinal/VentanaConsultar.java</file>
            <file>file:/C:/Users/marco/OneDrive/Escritorio/Programas%203ro/Unidad%20%233/ProyectoFinal/src/proyectofinal/VentanaCancelar.java</file>
        </group>
    </open-files>
</project-private>
